id;orden;titulo;instrucciones;obligatorio;runbook_id
1;10;seriously;coexist sauerkraut equally;true;1
2;4;above harmful complete;smoothly barring;true;2
3;26;frantically selfishly fast;minor;false;3
4;13;blushing masticate orientate;whoa;false;4
5;24;shyly inexperienced agitated;offset criminal phew;false;5
6;3;happy;intrepid busily;true;6
7;7;dim;reassuringly thorny opposite;true;7
8;41;following famously;which fedora if;false;8
9;39;gee;sun rim cinder;false;9
10;29;thump cultivated;yahoo yawningly fond;true;10
11;40;inasmuch tune-up;worth abnormally;true;11
12;5;procrastinate;variable;false;12
13;50;ah hm ouch;that sunbathe;true;13
14;40;optimal humiliating ultimately;likewise hornet;true;14
15;38;near accredit yet;subtract;true;15
16;49;reorient for stabilise;boohoo qua;true;16
17;43;unless;excluding uh-huh brr;false;17
18;50;psst;until;false;18
19;45;tremendously;uniform;true;19
20;25;quirkily;yowza cloudy;false;20
21;25;to furiously;vanish;true;21
22;34;gloat whoever into;so oblong however;true;22
23;17;outside besides;fat boo;false;23
24;25;instruction incidentally voluntarily;hopeful clearly;false;24
25;39;ick typify hollow;exalted;true;25
26;44;phew;nor urgently;true;26
27;44;huzzah reassuringly early;clueless;true;27
28;2;against;since brightly;true;28
29;32;wallaby softly;acidic;false;29
30;33;successfully stint;cuckoo nautical;false;30
